Year,Month,Avoid Going to public places (%),Avoid going to work (%)
2020,2,56,12
2020,3,71.5,16.5
2020,4,84.2,47
2020,5,85,53
2020,6,82,47
2020,7,80,33
2020,8,75.66666667,29
2020,9,71,24.5
2020,10,70,25.5
2020,11,71,23.5
2020,12,70,21.5
2021,1,70.66666667,22
2021,2,68.5,21
2021,3,68,22.5
2021,4,65.5,18.5
2021,5,75.5,30.5
2021,6,83,40.5
2021,7,76.33333333,31.33333333
2021,8,76,33
