Year,Month,avoid_going_to_public_places,avoid_going_to_work
2020,1,56,12
2020,2,71.5,16.5
2020,3,84.2,47
2020,4,85,53
2020,5,82,47
2020,6,80,33
2020,7,75.66666667,29
2020,8,71,24.5
2020,9,70,25.5
2020,10,71,23.5
2020,11,70,21.5
2021,12,70.66666667,22
2021,12,68.5,21
2021,14,68,22.5
2021,15,65.5,18.5
2021,16,75.5,30.5
2021,17,83,40.5
2021,18,76.33333333,31.33333333
2021,19,76,33
